,country_code,country_name,website
0,AF,Afghanistan,https://president.gov.af/en/
1,AL,Albania,https://www.kryeministria.al/en/
2,DZ,Algeria,http://www.mae.gov.dz/default_en.aspx
3,AS,American Samoa,https://www.americansamoa.gov/
4,AD,Andorra,https://www.govern.ad/
5,AO,Angola,https://governo.gov.ao/ao/
6,AI,Anguilla,http://gov.ai/
7,AQ,Antarctica,https://www.usap.gov/
8,AG,Antigua And Barbuda,https://ab.gov.ag/
9,AR,Argentina,https://www.argentina.gob.ar/
10,AM,Armenia,https://www.gov.am/en/news
11,AW,Aruba,https://www.government.aw/
12,AU,Australia,https://www.australia.gov.au/
13,AT,Austria,https://www.bundeskanzleramt.gv.at/en/federal-chancellery/the-austrian-federal-government?lang=en
14,AZ,Azerbaijan,https://en.president.az/
15,BS,Bahamas,https://bahamas.gov.bs/wps/portal/public
16,BH,Bahrain,https://www.bahrain.bh/wps/portal/Home_en
17,BD,Bangladesh,https://bangladesh.gov.bd/index.php
18,BB,Barbados,https://www.gov.bb/
19,BY,Belarus,https://www.belarus.by/en/
20,BE,Belgium,https://www.belgium.be/en
21,BZ,Belize,https://belize.gov.bz/
22,BJ,Benin,https://www.gouv.bj/
23,BM,Bermuda,https://www.gov.bm/
24,BT,Bhutan,https://www.gov.bt/
25,BO,Bolivia,http://www.boliviaweb.com/gov.htm
26,BA,Bosnia And Herzegovina,http://fbihvlada.gov.ba/english/
27,BW,Botswana,https://gov.bw/
28,BV,Bouvet Island,https://en.wikipedia.org/wiki/Bouvet_Island
29,BR,Brazil,http://www.brazil.gov.br/
30,IO,British Indian Ocean Territory,https://www.biot.gov.io/
31,BN,Brunei Darussalam,https://www.gov.bn/SitePages/Home.aspx
32,BG,Bulgaria,https://gov.bg/
33,BF,Burkina Faso,http://www.gouvernement.gov.bf/
34,BI,Burundi,https://burundi.gov.bi/
35,KH,Cambodia,https://www.mfaic.gov.kh/
36,CM,Cameroon,https://www.prc.cm/en/
37,CA,Canada,https://www.canada.ca/en.html
38,CV,Cape Verde,https://www.governo.cv/
39,KY,Cayman Islands,https://www.gov.ky/
40,CF,Central African Republic,http://rca-gouv.net/
41,TD,Chad,https://www.landportal.org/pt/organization/government-chad
42,CL,Chile,https://www.gob.cl/en/
43,CN,China,https://www.gov.cn/english/
44,CX,Christmas Island,https://www.regional.gov.au/territories/christmas/index.aspx
45,CC,Cocos (keeling) Islands,https://shire.cc/en/
46,CO,Colombia,http://wp.presidencia.gov.co/sitios/en/Paginas/Presidency-Republic-Colombia.aspx
47,KM,Comoros,https://www.state.gov/u-s-relations-with-comoros/
48,CG,Congo,https://www.nationsonline.org/oneworld/congo_roc.htm
49,CD,"Congo, The Democratic Republic Of The",https://en.wikipedia.org/wiki/Government_of_the_Democratic_Republic_of_the_Congo
50,CK,Cook Islands,http://www.ck/govt.htm
51,CR,Costa Rica,http://www.therealcostarica.com/government_costa_rica/government_websites.html
52,CI,Cote D'ivoire,http://www.gouv.ci/Main.php
53,HR,Croatia,https://vlada.gov.hr/en
54,CU,Cuba,http://www.minrex.gob.cu/en
55,CY,Cyprus,http://www.cyprus.gov.cy/
56,CZ,Czech Republic,https://www.vlada.cz/en/
57,DK,Denmark,https://denmark.dk/
58,DJ,Djibouti,https://www.presidence.dj/
59,DM,Dominica,https://dominica.gov.dm/
60,DO,Dominican Republic,https://dominica.gov.dm/
61,TP,East Timor,http://timor-leste.gov.tl/?lang=en
62,EC,Ecuador,https://travel.state.gov/content/travel/en/international-travel/International-Travel-Country-Information-Pages/Ecuador.html
63,EG,Egypt,http://egypt.gov.eg/English/Home.aspx
64,SV,El Salvador,https://www.presidencia.gob.sv/
65,GQ,Equatorial Guinea,https://www.guineaecuatorialpress.com/?lang=en
66,ER,Eritrea,https://shabait.com/
67,EE,Estonia,https://www.kriis.ee/en
68,ET,Ethiopia,https://pmo.gov.et/
69,FK,Falkland Islands (malvinas),https://www.falklands.gov.fk/
70,FO,Faroe Islands,https://www.government.fo/
71,FJ,Fiji,https://www.fiji.gov.fj/Home
72,FI,Finland,https://valtioneuvosto.fi/frontpage
73,FR,France,https://www.gouvernement.fr/en/news
74,GF,French Guiana,https://www.britannica.com/place/French-Guiana/Government-and-society
75,PF,French Polynesia,https://travel.state.gov/content/travel/en/international-travel/International-Travel-Country-Information-Pages/FrenchPolynesia.html
76,TF,French Southern Territories,https://en.wikipedia.org/wiki/French_Southern_Territories
77,GA,Gabon,https://globaledge.msu.edu/global-resources/resource/62636
78,GM,Gambia,http://gambia.gov.gm/
79,GE,Georgia,https://georgia.gov/
80,DE,Germany,https://www.bundesregierung.de/breg-en
81,GH,Ghana,https://www.ghana.gov.gh/
82,GI,Gibraltar,https://www.gibraltar.gov.gi/
83,GR,Greece,https://government.gov.gr/
84,GL,Greenland,https://naalakkersuisut.gl/en/Naalakkersuisut
85,GD,Grenada,http://gov.gd/
86,GP,Guadeloupe,http://www.guadeloupe.gouv.fr/
87,GU,Guam,http://guam.gov/
88,GT,Guatemala,https://www.guatemala.gob.gt/
89,GN,Guinea,https://www.guineaecuatorialpress.com/?lang=en
90,GW,Guinea-bissau,http://www.guinebissaurepublic.com/
91,GY,Guyana,https://government.gy/
92,HT,Haiti,https://www.state.gov/countries-areas/haiti/
93,HM,Heard Island And Mcdonald Islands,http://heardisland.antarctica.gov.au/
94,VA,Holy See (vatican City State),https://www.state.gov/countries-areas/holy-see/
95,HN,Honduras,https://presidencia.gob.hn/
96,HK,Hong Kong,https://www.gov.hk/en/residents/
97,HU,Hungary,https://kormany.hu/
98,IS,Iceland,https://www.government.is/
99,IN,India,https://www.india.gov.in/
100,ID,Indonesia,https://indonesia.go.id/
101,IR,"Iran, Islamic Republic Of",http://irangov.ir/en/
102,IQ,Iraq,https://gds.gov.iq/
103,IE,Ireland,https://www.gov.ie/en/
104,IL,Israel,https://www.gov.il/en
105,IT,Italy,http://www.governo.it/
106,JM,Jamaica,https://www.gov.jm/
107,JP,Japan,https://www.japan.go.jp/
108,JO,Jordan,https://jordan.gov.jo/wps/portal/home
109,KZ,Kazakstan,/search?q=government+website+kazakhstan&FORM=AWRE
110,KE,Kenya,https://www.president.go.ke/
111,KI,Kiribati,https://kiribati.gov.ki/
112,KP,"Korea, Democratic People's Republic Of",https://korea-dpr.com/
113,KR,"Korea, Republic Of",http://www.mofa.go.kr/eng/wpge/m_5810/contents.do
114,KV,Kosovo,https://www.rks-gov.net/EN
115,KW,Kuwait,https://www.webonclicks.com/kuwait-official-government-websites/
116,KG,Kyrgyzstan,http://www.government.kz/public/en
117,LA,Lao People's Democratic Republic,https://landportal.org/node/43534
118,LV,Latvia,https://www.mk.gov.lv/en
119,LB,Lebanon,http://portal.gov.lb/index.html
120,LS,Lesotho,https://www.gov.ls/
121,LR,Liberia,https://eliberia.gov.lr/
122,LY,Libyan Arab Jamahiriya,https://en.wikipedia.org/wiki/Great_Socialist_People%27s_Libyan_Arab_Jamahiriya
123,LI,Liechtenstein,https://www.liechtenstein.li/en/
124,LT,Lithuania,https://lrv.lt/en/
125,LU,Luxembourg,http://luxembourg.public.lu/en
126,MO,Macau,https://www.gov.mo/en/
127,MK,"Macedonia, The Former Yugoslav Republic Of",https://2001-2009.state.gov/g/drl/rls/irf/2004/35470.htm
128,MG,Madagascar,https://evisamada.gov.mg/en/
129,MW,Malawi,https://www.malawi.gov.mw/
130,MY,Malaysia,https://www.malaysia.gov.my/
131,MV,Maldives,https://presidency.gov.mv/
132,ML,Mali,https://www.state.gov/u-s-relations-with-mali/
133,MT,Malta,http://www.gov.mt/
134,MH,Marshall Islands,https://www.usa.gov/state-government/republic-of-the-marshall-islands
135,MQ,Martinique,http://www.martinique.gouv.fr/
136,MR,Mauritania,http://www.govmu.org/English/Pages/default.aspx
137,MU,Mauritius,http://www.govmu.org/
138,YT,Mayotte,https://www.dfa.ie/travel/travel-advice/a-z-list-of-countries/mayotte/
139,MX,Mexico,https://www.gob.mx/sre/en
140,FM,"Micronesia, Federated States Of",https://fsmgov.org/
141,MD,"Moldova, Republic Of",https://gov.md/en
142,MC,Monaco,http://en.gouv.mc/
143,MN,Mongolia,http://www.mfa.gov.mn/?lang=en
144,MS,Montserrat,https://www.gov.ms/?exam=210-065.html
145,ME,Montenegro,http://www.gov.me/en/homepage?alphabet=lat
146,MA,Morocco,http://www.maroc.ma/en
147,MZ,Mozambique,https://www.mozambique.co.mz/
148,MM,Myanmar,https://www.myanmar.gov.mm/en/government-website
149,,Namibia,https://www.gov.na/
150,NR,Nauru,http://www.naurugov.nr/
151,NP,Nepal,https://www.nepal.gov.np/
152,NL,Netherlands,https://www.government.nl/
153,AN,Netherlands Antilles,https://www.government.nl/
154,NC,New Caledonia,https://gouv.nc/
155,NZ,New Zealand,https://www.govt.nz/
156,NI,Nicaragua,https://ni.usembassy.gov/u-s-citizen-services/local-resources-of-u-s-citizens/nicaraguan-government-offices/
157,NE,Niger,https://nigerstate.gov.ng/
158,NG,Nigeria,https://statehouse.gov.ng/
159,NU,Niue,http://gov.nu/wb/
160,NF,Norfolk Island,http://www.norfolkisland.gov.nf/
161,MP,Northern Mariana Islands,https://www.usa.gov/state-government/northern-mariana-islands
162,NO,Norway,https://www.regjeringen.no/en/id4/
163,OM,Oman,https://omaninfo.om/english
164,PK,Pakistan,http://pakistan.gov.pk/
165,PW,Palau,https://www.palaugov.pw/
166,PS,"Palestinian Territory, Occupied",https://www.gov.uk/government/publications/overseas-business-risk-palestinian-territories/overseas-business-risk-the-occupied-palestinian-territories
167,PA,Panama,https://www.presidencia.gob.pa/en/
168,PG,Papua New Guinea,http://www.parliament.gov.pg/
169,PY,Paraguay,https://www.paraguay.gov.py/
170,PE,Peru,https://peru.gob.pe/
171,PH,Philippines,http://www.gov.ph/
172,PN,Pitcairn,https://www.government.pn/
173,PL,Poland,https://poland.pl/
174,PT,Portugal,https://www.portugal.gov.pt/en/gc21
175,PR,Puerto Rico,http://pr.gov/
176,QA,Qatar,https://www.gco.gov.qa/en/
177,RE,Reunion,https://www.nationsonline.org/oneworld/reunion.htm
178,RO,Romania,http://gov.ro/en
179,RU,Russian Federation,http://government.ru/en/
180,RW,Rwanda,https://www.gov.rw/
181,SH,Saint Helena,https://www.sainthelena.gov.sh/
182,KN,Saint Kitts And Nevis,https://www.gov.kn/
183,LC,Saint Lucia,http://www.govt.lc/
184,PM,Saint Pierre And Miquelon,https://www.gov.uk/world/st-pierre-and-miquelon
185,VC,Saint Vincent And The Grenadines,http://www.gov.vc/
186,WS,Samoa,https://www.samoagovt.ws/
187,SM,San Marino,http://www.sanmarino.sm/on-line/en/home.html
188,ST,Sao Tome And Principe,http://saotome.st/
189,SA,Saudi Arabia,https://www.alriyadh.gov.sa/en/subsites
190,SN,Senegal,http://www.presidence.sn/en/presidency/government
191,RS,Serbia,https://www.srbija.gov.rs/kontakt/en/105
192,SC,Seychelles,http://www.egov.sc/
193,SL,Sierra Leone,http://www.sierra-leone.org/government-websites.html
194,SG,Singapore,https://www.gov.sg/
195,SK,Slovakia,https://www.vlada.gov.sk/government-of-the-slovak-republic/
196,SI,Slovenia,https://www.gov.si/en/state-authorities/government/
197,SB,Solomon Islands,https://solomons.gov.sb/
198,SO,Somalia,https://www.somalia.gov.so/
199,ZA,South Africa,https://www.gov.za/
200,GS,South Georgia And The South Sandwich Islands,https://www.gov.gs/
201,ES,Spain,https://www.lamoncloa.gob.es/lang/en/Paginas/index.aspx
202,LK,Sri Lanka,https://www.gov.lk/welcome.html
203,SD,Sudan,http://www.sudan.gov.sd/index.php/en
204,SR,Suriname,http://www.gov.sr/
205,SJ,Svalbard And Jan Mayen,https://www.graphicmaps.com/svalbard-and-jan-mayen/government
206,SZ,Swaziland,http://www.gov.sz/
207,SE,Sweden,https://www.government.se/
208,CH,Switzerland,https://www.admin.ch/gov/en/start.html
209,SY,Syrian Arab Republic,http://egov.sy/page/en/132/0/home.html
210,TW,"Taiwan, Province Of China",https://taiwan.gov.tw/
211,TJ,Tajikistan,https://www.visa.gov.tj/
212,TZ,"Tanzania, United Republic Of",http://www.tanzania.go.tz/
213,TH,Thailand,https://www.thaigov.go.th/
214,TG,Togo,https://www.republicoftogo.com/Toutes-les-rubriques/In-English
215,TK,Tokelau,https://www.tokelau.org.nz/
216,TO,Tonga,http://www.mic.gov.to/
217,TT,Trinidad And Tobago,http://www.ttconnect.gov.tt/gortt/portal/ttconnect
218,TN,Tunisia,https://www.gov.uk/foreign-travel-advice/tunisia
219,TR,Turkey,http://www.mfa.gov.tr/default.en.mfa
220,TM,Turkmenistan,http://www.turkmenistan.gov.tm/_eng/
221,TC,Turks And Caicos Islands,https://gov.tc/
222,TV,Tuvalu,https://tuvalugovernment.wordpress.com/
223,UG,Uganda,https://www.gou.go.ug/
224,UA,Ukraine,https://www.president.gov.ua/en/
225,AE,United Arab Emirates,https://u.ae/en
226,GB,United Kingdom,/search?q=Government+Digital+Service+wikipedia
227,US,United States,"https://www.oig.hhs.gov/notices/official-site.asp#:~:text=An%20Official%20United%20States%20Government%20Website%20The.gov%20means,by%20inspecting%20your%20browser%27s%20address%20%28or%20%22location%22%29%20bar."
228,UM,United States Minor Outlying Islands,https://en.wikipedia.org/wiki/United_States_Minor_Outlying_Islands
229,UY,Uruguay,https://globaledge.msu.edu/global-resources/resource/5601
230,UZ,Uzbekistan,https://www.gov.uz/en
231,VU,Vanuatu,https://www.gov.vu/
232,VE,Venezuela,https://www.state.gov/countries-areas/venezuela/
233,VN,Viet Nam,http://www.gov.vn/portal/page/portal/English
234,VG,"Virgin Islands, British",https://bvi.gov.vg/
235,VI,"Virgin Islands, U.s.",https://www.vi.gov/
236,WF,Wallis And Futuna,https://www.dfat.gov.au/geo/wallis-futuna/Pages/wallis-and-futuna
237,EH,Western Sahara,https://www.wsrw.org/
238,YE,Yemen,http://yemen.gov.ye/
239,ZM,Zambia,https://zambia.co.zm/
240,ZW,Zimbabwe,http://www.zim.gov.zw/index.php/en/
